PokemasterDb,~
TestingAlt123,&
Mewderator,&
Sent_By_Ravens,+
Desdinova,@
Blobyolo,%
NinjaStarz7,~
GhostyFX,&
JirachiCelebiNoob,%
Mew :3,+
Nuberator,@
xFizz~,%
Nindzya,☯
DoctorFlame,+
Poke'slash,+
MrKijani,+
Based God Mew,&
MrKіjanі,+
Flаreykіnz,+
LeMorpher,~
TestіngAlt123,@
Оnce,@
The Drowned Sailor,+
Pokenubz,@
Oncе,@
AFK TestingAlt123,&
Jirаchi,@
ジムリーダー trachу,@
Leader Demon,◈
Leader Flame,◈
Leader Flareykinz,◈
Leader Flafpert,◈
^iNvertedV,@
Leader Fwame,◈
Flygаwne,@
Ѕempiternus,@
Leader Lenub,◈
Leader Fizz,◈
E4 Hexy,✸
Leadеr Cakey,◈
Ruby the Demon,+
E4 Nubz,✸
E4 Blobyolo,✸
Cооkiе Μonster,~
Lenub,+
Catnipz,%
CobbleWobble,&
Ѕсіzornіcian,~
HippoTwerk,~
Champion Mew,✯
Viqueen Catnipz,%
TheGhostyGengar,&
Catnipz the witch,%
Holy Name*,@
Charmеleоn,~
The Grim Rapier,+
PimpNubz,@
Trust & Betrayal,%
Miley be twerkin',@
Lеader Cakey,@
Leader Cakey,◈
Nibblerz,@
Xearneyltal,&
Aeternis,%
Scizornician,~
Yoga Catz,%
